Alpha-Diversity,H,p-value
Evenness,9.242885737051779,0.026229960554059864
Faith PD,87.83605864541846,6.386769940789011e-19
Observed Features,59.59138364929631,7.186872791755095e-13
Shnnon's Diversity,24.823351075697246,0.000016810908296023026
