Group 1,Group 2,H,p-value,q-value
Early (n=50),Healthy (n=100),2.884386754966897,0.0894420544121846,0.15829564582637523
Early (n=50),Moderate (n=50),4.392047524752456,0.03610692636685824,0.10832077910057474
Early (n=50),Severe (n=50),8.828245544554477,0.002966034055389358,0.017796204332336148
Healthy (n=100),Moderate (n=50),0.6168317880794802,0.43222705558822094,0.43597874518665736
Healthy (n=100),Severe (n=50),2.6199099337748066,0.1055304305509168,0.15829564582637523
Moderate (n=50),Severe (n=50),0.6068435643564385,0.43597874518665736,0.43597874518665736