Group 1,Group 2,H,p-value,q-value
Early (n=50),Healthy (n=100),2.7110304635762077,0.09965659889456922,0.11958791867348306
Early (n=50),Moderate (n=50),26.80400792079206,2.251698564500841e-07,3.3775478467512613e-07
Early (n=50),Severe (n=50),29.06252673267329,7.007948881210323e-08,1.4015897762420645e-07
Healthy (n=100),Moderate (n=50),51.153949668874134,8.539868055189094e-13,2.5619604165567283e-12
Healthy (n=100),Severe (n=50),54.86883178807949,1.288482355374052e-13,7.730894132244311e-13
Moderate (n=50),Severe (n=50),0.005750495049483106,0.9395527422741722,0.9395527422741722