Group 1,Group 2,H,p-value,q-value
Slight (n=50),Healthy (n=100),0.4675226919952207,0.49412905906624816,0.5929548708794977
Slight (n=50),Moderate (n=50),18.684815977243918,1.542055834477253e-05,2.31308375171588e-05
Slight (n=50),Severe (n=50),20.703272962949605,5.362426456004328e-06,1.0724852912008657e-05
Healthy (n=100),Moderate (n=50),35.26606516292951,2.875998708064018e-09,8.627996124192055e-09
Healthy (n=100),Severe (n=50),37.015293460828644,1.1720632904898772e-09,7.032379742939263e-09
Moderate (n=50),Severe (n=50),0.003849966992737873,0.9505245257136643,0.9505245257136643
