Group 1,Group 2,Sample size,Permutations,pseudo-F,p-value,q-value
Slight,Healthy,150,999,1.7634974220433302,0.019,0.022799999999999997
Slight,Moderate,100,999,3.203442604434298,0.001,0.0015
Slight,Severe,100,999,4.192790849454974,0.001,0.0015
Healthy,Moderate,150,999,6.953487468508356,0.001,0.0015
Healthy,Severe,150,999,7.5433379986347155,0.001,0.0015
Moderate,Severe,100,999,1.0959020597220626,0.313,0.313
