Group 1,Group 2,Sample size,Permutations,pseudo-F,p-value,q-value
Early,Healthy,150,999,2.709074154153053,0.003,0.0036
Early,Moderate,100,999,7.547240014264336,0.001,0.0015
Early,Severe,100,999,7.772239667697252,0.001,0.0015
Healthy,Moderate,150,999,19.48285778321118,0.001,0.0015
Healthy,Severe,150,999,20.254907535032658,0.001,0.0015
Moderate,Severe,100,999,1.061788954262309,0.34,0.34