Group 1,Group 2,Sample size,Permutations,pseudo-F,p-value,q-value
Slight,Healthy,150,999,2.0087857905677193,0.088,0.088
Slight,Moderate,100,999,5.981646579135783,0.002,0.003
Slight,Severe,100,999,16.572566883582837,0.001,0.002
Healthy,Moderate,150,999,9.494764618252377,0.001,0.002
Healthy,Severe,150,999,20.338834647304648,0.001,0.002
Moderate,Severe,100,999,5.026218407543304,0.003,0.0036
