Group 1,Group 2,H,p-value,q-value
Early (n=50),Healthy (n=100),0.003576158940404639,0.9523141335184352,0.9523141335184352
Early (n=50),Moderate (n=50),5.112902970297,0.02374855135702787,0.03562282703554181
Early (n=50),Severe (n=50),5.206859405940577,0.022497939047433364,0.03562282703554181
Healthy (n=100),Moderate (n=50),6.591830463576116,0.01024477815032801,0.03073433445098403
Healthy (n=100),Severe (n=50),6.756619867549659,0.0093400517403089,0.03073433445098403
Moderate (n=50),Severe (n=50),0.01216633663364064,0.9121705706341857,0.9523141335184352