Group 1,Group 2,H,p-value,q-value
Slight (n=50),Healthy (n=100),5.291586754966886,0.021428686619934936,0.11394854365524665
Slight (n=50),Moderate (n=50),1.3095920792079028,0.2524685249140654,0.3029622298968785
Slight (n=50),Severe (n=50),4.305790099009869,0.037982847885082216,0.11394854365524665
Healthy (n=100),Moderate (n=50),2.223194701986756,0.13595148461788642,0.27190296923577284
Healthy (n=100),Severe (n=50),0.06109668874171348,0.8047709009969876,0.8047709009969876
Moderate (n=50),Severe (n=50),1.3573544554455452,0.2439965042398798,0.3029622298968785
