Group 1,Group 2,Sample size,Permutations,pseudo-F,p-value,q-value
Early,Healthy,150,999,2.414078271406213,0.002,0.0024
Early,Moderate,100,999,4.941256726696032,0.001,0.0015
Early,Severe,100,999,6.184322196061149,0.001,0.0015
Healthy,Moderate,150,999,12.484494695636283,0.001,0.0015
Healthy,Severe,150,999,13.432593034368626,0.001,0.0015
Moderate,Severe,100,999,1.2428267228930112,0.084,0.084